id,abbreviation,local_abbreviation,title,local_title,language__iso_639_1,language__name,language__local_name,taxonomy,benchmark
2632,abn,ẠḌI,Abuan Bible,Ạḍinya Iigbia,,Abua,Abua,,
3247,ACHICUB,ACHICUB,Achi de Cubulco 2019,Wuj Pa K'ubultzij,,Achi,Achi',0,
559,Aco85,Aco85,Acholi Bible,Acoli Baibul,,Acholi (Acoli),Lwo,0,1
2,ABA,ABA,Bible for All,Bybel vir almal,af,Afrikaans,Afrikaans,3,
5,AFR53,AFR53,Afrikaans 1933/1953,Afrikaans 1933/1953,af,Afrikaans,Afrikaans,3,1
6,AFR83,AFR83,Afrikaans 1983,Afrikaans 1983,af,Afrikaans,Afrikaans,3,
50,DB,DB,Die Boodskap,Die Boodskap,af,Afrikaans,Afrikaans,3,
117,NLV,NLV,Nuwe Lewende Vertaling,Nuwe Lewende Vertaling,af,Afrikaans,Afrikaans,3,
3499,AFR20,AFR20,Die Bybel 2020-vertaling,Die Bybel 2020-vertaling,af,Afrikaans,Afrikaans,3,
4401,SPC,SPC,PWL in Standard Protestant Canon,PWL in Standaard Protestantse Canon,af,Afrikaans,Afrikaans,3,1
1722,AHK,AHK,Akha,Akha,,Akha,Akha,0,
7,ALBB,ALBB,Albanian Bible 1994,Bibla Shqip 1994,sq,Albanian (Standard),Shqip,1,1
2916,AB1970,AB1970,"The Holy Bible In Alur (Lur), Revised Orthography","The Holy Bible In Alur (Lur), Revised Orthography",,Alur,Lur,,
1260,NASV,NASV,New Amharic Standard Version 2024,አዲሱ መደበኛ ትርጒም,am,Amharic,አማርኛ,2,1
3092,ABO,ABO,ANEITYUM BIBLE,NISVITAI ITAP ANTAS ANEJOM,,Aneityum (Vanuatu),Anejom̃,,
2911,YLI,YLI,"The Holy Bible in the Yali Angguruk language Papua, Indonesia",ALLAH WENE,,Angguruk Yali,Angguruk Yali,,
13,AVD,AVD,New Van Dyck Bible (Full Vocalization with Helps),الكتاب المقدس,ar,Arabic (Standard),العربية,5,1
14,AVDDV,AVDDV,New Van Dyck Bible (Reduced Vocalization with Helps),الكتاب المقدس  (تخفيف تشكيل),ar,Arabic (Standard),العربية,5,1
153,SAB,SAB,Sharif Arabic Bible,الكتاب الشريف,ar,Arabic (Standard),العربية,5,
195,SAT,ت ع م,Holy Bible: Easy-to-Read Translation,الكِتاب المُقَدَّس: التَّرْجَمَةُ العَرَبِيَّةُ المُبَسَّطَةُ,ar,Arabic (Standard),العربية,5,1
2329,NRAB,ՆՎԱԱ,New Revised Ararat Bible,Նոր վերանայված Արարատ Աստվածաշունչ,hy,Armenian (Eastern),հայերեն (արևելահայերեն),1,1
1987,WARMB,WARMB,Western Armenian Bible 1853,Western Armenian Bible 1853,,Armenian (Western),հայերէն (Արեւմտահայերէն),1,
1979,IRVAsm,IRVAsm,Indian Revised Version (IRV) Assamese - 2019,ইণ্ডিয়ান ৰিভাইচ ভাৰচন (IRV) আচামিচ - 2019,as,Assamese,অসমীয়া,1,1
1362,rop,rop,Kriol Bible,Kriol Baibul,,Australian Creole,Kriol,,
3146,BGNNP15,ÑÑP2015,Biblia en Guaraní - Ñanderuete Ñe’ẽ Porã 2015,Ñanderuete Ñe’ẽ Porã 2015,,Avañe'e,Guaraní paraguayo,,
2560,AERV,AERV,Holy Bible: Easy-to-Read Version,पवित्तर बाइबिल,,Awadhi,Awadhi,0,
556,RCHQ2,RCHQ2,Biblia Revisión Chuya Qellqa 1992,Chuya Qellqa 1992,,Ayacucho Quechua,Ayacucho Quechua,1,
2389,RCQ12,RCQ12,La Biblia en Quechua de Ayacucho - Edición Revisada 2012,CHUYA QELLQA La Biblia en Quechua de Ayacucho 2012,,Ayacucho Quechua,Ayacucho Quechua,1,
2390,QUEAYA87,QUEAYA87,Quechua Ayacucho Bible 1987,Quechua Ayacucho Bible 1987,,Ayacucho Quechua,Ayacucho Quechua,1,
1161,IAB,موقدس کتاب,Iranian Azeri Bible,موقدس کتاب,,Azeri (Persian script),آذری,,
4196,SAB,SAB,Southern Azerbaijani Bible - Literary,کتاب مقدس به زبان آذربایجانی جنوبی - نسخه ادبی,,Azeri (Persian script),آذری,,
302,BAN,BAN,Today's Bali Bible 1990,Cakepan Suci,,Balinese,"Bali, basa",0,
2841,LAIBGZ,LAIBGZ,Old and New Testament in Today's Banggai Version,KITAB MOLIYOUS BILITA MONONDOK,,Banggai,Banggai,0,
2666,BBE,BBE,BARI BIBLE 1979,"Bibilia, Buk na Ŋun nagon koti luŋu a",,Bari,Kutuk,0,1
2230,NHAD,NHAD,The Word of God,Nan Hapit Apo Dios,,Batad Ifugao,Batad Ifugao,0,
2836,LAIAKB,LAIAKB,Today's Angkola Version,BIBEL JAMITA NA DENGGAN,,Batak Angkola,Batak Angkola,0,
35,BTX,BTX,Today's Batak Karo Bible,Pustaka Si Badia,,Batak Karo,Batak Karo,0,
2441,beo,BEO,Bedamuni Bible,GODE EA SIA: IDA:IWANE GALA,,Beami,Beami,,
1573,BBB,БББ,Bible (A.Bokun translation),Біблія (пераклад А.Бокуна),be,Belarusian,беларуская,3,1
809,BACIB,BACIB,কিতাবুল মোকাদ্দস,কিতাবুল মোকাদ্দস,bn,Bengali (Bangla),বাংলা,3,1
1681,BENGALI-BSI,BENGALI-BSI,Bengali Old Version Bible (BSI),পবিত্র বাইবেল O.V. (BSI),bn,Bengali (Bangla),বাংলা,3,1
1883,IRVBen,IRVBen,Indian Revised Version (IRV) Bengali,ইন্ডিয়ান রিভাইজড ভার্সন (IRV) - বেঙ্গলী,bn,Bengali (Bangla),বাংলা,3,1
3150,BERV,BERV,Holy Bible: Easy-to-Read Version,পবিত্র বাইবেল,bn,Bengali (Bangla),বাংলা,3,
1591,bomBI,bomBI,Berom Bible,Bwok-basa Dagwi wuna-na-sira roso tanga pas,,Berom,Berom,,
2767,BHDNT,BHDNT,Bhadrawahi Bible,भड्लाई भाषाई मां पवित्र शास्त्र,,Bhadrawahi,Bhadrawahi,,
18,TBV,TBVONT,Today's Biatah Version Bible,Hakcipta - Biatah Bidayuh,,Biatah Bidayuh,Biatah Bidayuh,,
4595,OBBR,OBBR,Open Bislama Bible Revised 2012,Baebol Long Bislama,bi,Bislama,Bislama,1,
3077,BKY,BKY,Bokyi Bible,Bokyi Bible,,Bokyi,Bokyi,,
1231,Koad21,Koad21,Breton Koad21,Bibl Koad 21: Ar Bibl e Brezhoneg evit ar Vretoned,br,Breton,Brezhoneg,1,1
2847,LAIBUG,LAIBUG,Old and New Testament in Today's Bugis Version,KITTA KAREBA MADECENG,,Bugis,Bugis,1,
2176,BWU,BWU,BULI BIBLE,WEN GBAŊKA,,Buli (Ghana),Buli (Ghana),0,1
2964,KJS17,KJS17,Suriname Javanese Bible,Kitab Jawa Suriname,,Caribbean Javanese,Basa Jawa Suriname,,
2010,BEC,BEC,Bíblia Evangèlica Catalana,Bíblia Evangèlica Catalana,ca,Catalan,Català,4,1
261,QCA10,QCA10,Biblia Quichua Cañar 2010,Dios Rimashcata Quillcashcami,,Cañar Highland Quichua,Kichwa: Ura urcucuna,1,1
9,CCB,APD,Cebuano Contemporary Bible,Ang Pulong sa Dios,,Cebuano,Cebuano,3,
562,RCPV,RCPV,Revised Bible,Ang Bag-ong Maayong Balita Biblia,,Cebuano,Cebuano,3,
2187,ABCEB,ABCEB,Cebuano Form-Based Bible (2011),"Ang Biblia, 2011",,Cebuano,Cebuano,3,1
293,AYOP,AYOP,Biblia Aymara,Qullan Arunaca,,Central Aymara,Aymar,1,
2251,AYBOL1986,AYBOL1986,Biblia Aymara 1986,Aymar Bibliia 1986,,Central Aymara,Aymar,1,
751,nch,nchC,Icamanal Toteco (Central) - Bible,Icamanal Toteco,,Central Huasteca Nahuatl,Central Huasteca Nahuatl,1,
502,ShuArab,ع.د.ت19,Arabe tchadien (alphabet arabe),الكتاب المقدس بالعربي الدارجي هنا تشاد,,Chadian Arabic,العربي الدارجي هنا تشاد,,
501,ShulLatn,ADT19,Arabe tchadien (alphabet latin),Al-Kitaab al-Mukhaddas be l-arabi al-daariji hana Tchad,,Chadian Arabic (Roman script),Arabe tchadien,,
3230,mrn,mrn,Cheke Holo Bible,Buka Blahi Ka Cheke Holo,,Cheke Holo,Cheke Holo,0,
1630,SCA,एस सी ए,"Holy Bible, Chhattisgarhi Contemporary Version","पबितर बाईबल,समकालीन छत्तीसगढ़ी अनुवाद",,Chhattisgarhi,Chhattisgarhi,,
262,QCHI04,QCHI04,Quichua Chimborazo Bible,Dios Rimashca Shimicunami,,Chimborazo Highland Quichua,Kichwa: Chaupi urcucuna,1,1
3026,CAN,CAN,Romanised Cantonese Colloquial Bible 1915,Shìng-King 1915 (Kwóng-Tung Wâ),,Chinese (Cantonese),Kwóng-tung wâ,1,1
1578,CWUV,文理和合譯本,Chinese Union High Wenli Version,文理和合譯本《新舊約全書》,,Chinese (Classical),文言（中文）,1,1
2283,CWMMV,神天聖書,Morrison-Milne Wenli Version,馬禮遜－米憐文理《神天聖書》,,Chinese (Classical),文言（中文）,1,1
2295,CWDV,委辦譯本,Wenli Delegates' Version,文理《委辦譯本》,,Chinese (Classical),文言（中文）,1,
2296,CWSV,施約瑟淺文理譯本,Schereschewsky Wenli Version,施約瑟淺文理《新舊約聖經》,,Chinese (Classical),文言（中文）,1,
2323,CWMLV,馬殊曼－拉撒文理譯本,Marshman-Lassar Wenli Version,馬殊曼－拉撒文理《新舊約全書》,,Chinese (Classical),文言（中文）,1,
36,CCB,CCB,Chinese Contemporary Bible 2022 (Simplified),当代译本,zh_CN,Chinese (Simplified),简体中文,5,
41,CNVS,CNVS,新译本（简体字版）,新译本,zh_CN,Chinese (Simplified),简体中文,5,
43,CSBS,CSBS,Chinese Standard Bible (Simplified Script),中文标准译本,zh_CN,Chinese (Simplified),简体中文,5,1
47,CUNPSS-Shangti,CUNPSS-上帝,"Chinese Union Version, New Punctuation, Shangti Edition, SS","新标点和合本, 上帝版",zh_CN,Chinese (Simplified),简体中文,5,1
48,CUNPSS-Shen,CUNPSS-神,Chinese Union New Punctuation 1989 Bible,"新标点和合本, 神版",zh_CN,Chinese (Simplified),简体中文,5,1
3780,CMN,普通话,Simplified Chinese: Holy Bible: Easy-to-Read Translation (Mandarin),圣经–普通话本,zh_CN,Chinese (Simplified),简体中文,5,
40,CNV,CNV,新譯本（繁體字版）,新譯本,zh_TW,Chinese (Traditional),繁體中文,5,
46,CUNP-Shen,CUNP-神,"Chinese Union Version, New Punctuation, Shen Edition, TS","新標點和合本, 神版",zh_TW,Chinese (Traditional),繁體中文,5,1
312,CSBT,CSBT,Chinese Standard Bible (Traditional Script),中文標準譯本,zh_TW,Chinese (Traditional),繁體中文,5,1
414,CUNP-Shangti,CUNP-上帝,"Chinese Union Version, New Punctuation, Shangti Edition, TS","新標點和合本, 上帝版",zh_TW,Chinese (Traditional),繁體中文,5,1
1392,CCBT,CCB,Chinese Contemporary Bible 2023 (Traditional),當代譯本,zh_TW,Chinese (Traditional),繁體中文,5,
1579,CMUV,官話和合譯本,Chinese Union Mandarin Version,《官話和合譯本》,zh_TW,Chinese (Traditional),繁體中文,5,
4230,RCV,恢復本,Recovery Version Traditional Chinese,恢復本 繁體中文,zh_TW,Chinese (Traditional),繁體中文,5,1
1806,THV12Hdb,THV12Hdb,"The Hakka Bible – Today's Taiwan Hakka Version, Old and New Testaments – Han Character Edition",客語聖經 – 現代臺灣客語譯本，新舊約全書客語聖經 – 漢字版,,"Chinese, Hakka",客家話‎ (Hakkafa),1,
2408,THV12Rdb,THV12Rdb,"Name: The Hakka Bible – Today's Taiwan Hakka Version, Old and New Testaments – Roman Script Edition (2012)",HAK-NGÎ SṲN-KÎN – Hien-thoi Thòi-vân Hak-ngî Yi̍t-pún – Sîn-Khiu Yok Chhiòn Sû (Lò-mâ-sṳ pán),,"Chinese, Hakka",Hakkafa (Roman script),1,
3619,TTVR,TTVR,TODAY'S TAIWANESE VERSION ROMANIZED-HAN EDITION,現代台語譯本羅馬字版,,"Chinese, Min Nan","Chinese, Min Nan",1,
3620,TTVH,TTVH,TODAY'S TAIWANESE VERSION ROMANIZED-HAN EDITION,現代台語譯本漢字版,,"Chinese, Min Nan","Chinese, Min Nan",1,
3434,Csa,Csa,Chokwe Bible 1975,MUKANDA USANDU WA ZAMBI 1975,,Chokwe,Chokwe,,
2275,CTU77,CTU77,Chol de Tumbalá Bible,Chol de Tumbalá Bible,,Chol,Chol,0,
492,CSM,CSM,Chuj San Mateo Bible,Chuj San Mateo Bible,,Chuj,Chuj,0,
494,CSS,CSS,Chuj San Sebastian Bible,Chuj San Sebastian Bible,,Chuj,Chuj,0,
3003,CHK,CHK,Chuukese Bible,Chuukese Bible,,Chuukese,Chuukese,0,1
1847,CIMB,CIMB,Cook Islands Maori Bible (1888/1972 Edition),Bibilia Tapu,,Cook Islands Maori (Rarotongan),Māori Kūki 'Āirani,,
2083,WCBs,KKMs,Western Cree Bible (Syllabics),ᑲᓈᒋ ᑭᐦᒋ ᒪᓯᓈᐦᐃᑲᐣ,,Cree: Plains (nēhiyawēwin),ᓀᐦᐃᔭᐍᐏᐣ,1,1
2084,WCBR,KKMR,Western Cree Bible (SRO),Kanāci Kihci Masinahikan,,Cree: Plains (nēhiyawēwin),ᓀᐦᐃᔭᐍᐏᐣ,1,1
1444,BKJ,BKJ,Bible of King James,Biblija kralja Jakova,hr,Croatian,Hrvatski,4,1
2475,SHP,SHP,Holy Bible: Easy-to-Read Translation,Biblija: suvremeni hrvatski prijevod,hr,Croatian,Hrvatski,4,1
2391,QUECUZ,QUECUZ,Revised Quechua Cuzco Bible,Diospa Simin Qelqa,,Cusco Quechua,Diospa simin qelqa,1,1
44,ces1613,BKR,Czech Kralická Bible 1613,Bible Kralická 1613,cs,Czech,Čeština,4,
49,DA1871,DA1871,Danske Bibel 1871/1907,Danske Bibel 1871/1907,da,Danish,Dansk,3,
3050,DB15,BG15,The Bible in Datooga,Bibliyeeda Ghaydit,,Datooga,Datooga,0,1
165,STV,STV,Statenvertaling (Importantia edition) Bible,Statenvertaling (Importantia edition),nl,Dutch,Nederlands,4,1
328,NBG51,NBG51,NBG 1951 Translation,NBG-vertaling 1951,nl,Dutch,Nederlands,4,1
1276,BB,BB,BasisBijbel,"BasisBijbel, de bijbel in makkelijk Nederlands",nl,Dutch,Nederlands,4,1
1990,HSVU,HSV,Dutch Revised Bible 2010-2017,Herziene Statenvertaling,nl,Dutch,Nederlands,4,1
3743,VB,VB,De VensterBijbel,De VensterBijbel,nl,Dutch,Nederlands,4,1
3799,SVV,SVV,States General Version (edition Jongbloed 1995),Statenvertaling Jongbloed-editie,nl,Dutch,Nederlands,4,1
747,nhe,nhe,"Nahuatl, Eastern Huasteca,  Bible","Nahuatl, Eastern Huasteca",,Eastern Huasteca Nahuatl,Nahuat Eastern Huasteca,1,
3935,EDO96,EDO96,Edo First Bible 1996,Edo Bible (E Baibol Ẹdo) Version 1996,,Edo,Edo,,
2564,NTB,NTB,Nguna Togoa Bible,Ngunese Bible,,"Efate, North",Nguna,0,1
2570,EOB,ENA,Efik Old Bible With Sectional Headings,Edisana ñwed Abasi Ibom,,Efik,Efik,0,1
3865,eip,EIPA,Eipomek [Lik],Eipomek,,Eipomek,Eipomek,,
2771,EKEGUSIIBBLE,EKEGUSIIBBLE,OLD EKEGUSII BIBLE PROTESTANT EDITION,EBIBILIA  ENCHENU,,Ekegusii,Kusli,0,1
1,KJV,KJV,King James Version,King James Version,en,English,English,5,1
8,AMPC,AMPC,"Amplified Bible, Classic Edition","Amplified Bible, Classic Edition",en,English,English,5,1
12,ASV,ASV,American Standard Version,American Standard Version,en,English,English,5,1
59,ESV,ESV,English Standard Version 2025,English Standard Version 2025,en,English,English,5,1
70,GW,GW,GOD'S WORD,GOD'S WORD,en,English,English,5,1
72,HCSB,HCSB,Holman Christian Standard Bible,Holman Christian Standard Bible,en,English,English,5,1
90,LEB,LEB,Lexham English Bible,Lexham English Bible,en,English,English,5,1
97,MSG,MSG,The Message,The Message,en,English,English,5,1
100,NASB1995,NASB1995,New American Standard Bible 1995,New American Standard Bible - NASB 1995,en,English,English,5,1
105,NCV,NCV,New Century Version,New Century Version,en,English,English,5,
107,NET,NET,New English Translation,New English Translation,en,English,English,5,1
114,NKJV,NKJV,New King James Version,New King James Version,en,English,English,5,1
116,NLT,NLT,New Living Translation,New Living Translation,en,English,English,5,1
392,CEV,CEV,Contemporary English Version,Contemporary English Version,en,English,English,5,
406,ERV,ERV,Holy Bible: Easy-to-Read Version,Holy Bible: Easy-to-Read Version,en,English,English,5,
477,RV1885,RV1885,Revised Version 1885,Revised Version 1885,en,English,English,5,1
478,DARBY,DARBY,Darby's Translation 1890,Darby's Translation 1890,en,English,English,5,1
821,YLT98,YLT98,Young's Literal Translation 1898,Young's Literal Translation 1898,en,English,English,5,1
1077,JUB,JUB,Jubilee Bible,Jubilee Bible,en,English,English,5,1
1171,MEV,MEV,Modern English Version,Modern English Version,en,English,English,5,1
1359,ICB,ICB,International Children’s Bible,International Children’s Bible,en,English,English,5,
1588,AMP,AMP,Amplified Bible,Amplified Bible,en,English,English,5,1
1713,CSB,CSB,Christian Standard Bible,Christian Standard Bible,en,English,English,5,1
1932,FBV,FBV,Free Bible Version,Free Bible Version,en,English,English,5,1
2020,RSV,RSV,Revised Standard Version,Revised Standard Version,en,English,English,5,1
2163,enggnv,GNV,Geneva Bible,Geneva Bible,en,English,English,5,
2660,LSV,LSV,Literal Standard Version,Literal Standard Version,en,English,English,5,1
2692,NASB2020,NASB2020,New American Standard Bible 2020,New American Standard Bible - NASB,en,English,English,5,1
3034,BSB,BSB,Berean Standard Bible,Berean Standard Bible,en,English,English,5,1
3345,LSB,LSB,Legacy Standard Bible,Legacy Standard Bible,en,English,English,5,1
4108,YALL,YALL,Y'all Version Bible,Y'all Version Bible,en,English,English,5,1
4224,EHV,EHV,Evangelical Heritage Version,Evangelical Heritage Version - 2021,en,English,English,5,1
841,ESP,ESP,Esperanto Bible 1926,La Sankta Biblio 1926 (Esperanto Londona Biblio),eo,Esperanto,Esperanto,1,1
3172,VAO63,VAO63,Vanuatu Bible,Intas Etipup,,Eton,Eton,,
1600,Ezaa,Ezaa,Ezaa Bible,BAYỊBURU Ẹzaa,,Ezaa,Ezaa,,
389,FCL,FCL,Falam Common Language Bible,Falam Common Language Bible,,Falam Chin,Falam,,
374,FB,FB,Bible,BÍBLIA,fo,Faroese,Føroyskt,1,
136,POV-FAS,POV-FAS,Persian Old Version,Persian Old Version,,Farsi (Persian),فارسی,4,
508,FOV,FOV,Fijian Bible,Vakavakadewa Makawa,fj,Fijian,Vosa Vakaviti,1,1
3839,FIJ1864,FIJ1864,Fiji Bible 1864,AI VOLA TABU,fj,Fijian,Vosa Vakaviti,1,1
60,FI1776,FI1776,Finnish 1776,Finnish 1776,fi,Finnish,Suomi,4,1
365,FB38,FB38,Bible 1933/38,Kirkkoraamattu 1933/38,fi,Finnish,Suomi,4,
62,FMAR,FMAR,Martin 1744,Martin 1744,fr,French,Français,5,
106,NEG79,NEG79,Nouvelle Edition de Genève 1979,Nouvelle Edition de Genève 1979,fr,French,Français,5,
131,OST,OST,Ostervald,Ostervald,fr,French,Français,5,
3877,SGNEG79,NEG 1979,Segond NEG 1979,Version Segond Nouvelle Edition de Genève 1979,fr,French,Français,5,
2719,FB2000,FB2000,Futunian Bible,Tosi Tapu,,"Futuna, East","Futuna, East",0,
1829,LUG68,LUG68,Luganda Bible 1968 Edition,Ekitabo Ekitukuvu ekiyitibwa Baibuli Endagaano Enkadde n'Empya,lg,Ganda,Luganda,1,1
1013,GANGBSI,GANGBSI,Gangte Holy Bible (BSI),PATHIEN LEKHABU THIENGTHO (BSI),,Gangte,Gangte,,
51,DELUT,DELUT,Luther Bible 1912,Lutherbibel 1912,de,German,Deutsch,5,1
57,deuelo,ELB,German Unrevised Elberfelder Bible,Darby Unrevidierte Elberfelder,de,German,Deutsch,5,1
58,ELB71,ELB71,Elberfelder 1871,Elberfelder 1871,de,German,Deutsch,5,1
158,SCH1951,SCH1951,Die Bibel (Schlachter 1951),Die Heilige Schrift (Schlachter 1951),de,German,Deutsch,5,1
3039,LLKWW,LLKWW,Cigogo Bible 2002,Luganuzi Luswanu Kuli Wanhu Wose 2002,,Gogo,Gogo,,
1729,GJNb,GJNb,GONJA BIBLE,EBƆRƐ BE KAWƆL,,Gonja,Gonja,,
2857,LAIGOR,LAIGOR,Old and New Testament in Today's Gorontalo Version,KITABI HABARI MOPIOHE,,Gorontalo,Gorontalo,1,
613,gub,gub,Guajajára,Tupàn zeꞌeg,,Guajajára,Guajajára,0,
1911,IRVGuj,IRVGuj,Indian Revised Version (IRV) Gujarati-2019,ઇન્ડિયન રીવાઇઝ્ડ વર્ઝન ગુજરાતી  - 2019,gu,Gujarati,ગુજરાતી,1,1
2561,GERV,GERV,Holy Bible: Easy-to-Read Version,પવિત્ર બાઈબલ,gu,Gujarati,ગુજરાતી,1,
2405,GB23,BWL23,Gun Bible 1923,BIBLU WIWE LỌ 1923,,Gun,Gun-Alada,,
3593,GOURU,GOURU,La Sainte Bible en Gouru 1979,Kazambale lé Sebe Sauunu 1979,,Guro,Gouro,0,
3821,hatbsa,BSA,Haitian Bible,Bib Sen An: Kreyòl Ayisyen,ht,Haitian Creole,Kreyòl Ayisyen,0,1
3706,HNN,HNN,Hanunoo Version,Hanunuu,,Hanunoo,Hanunoo,0,
2766,BGC,BGC,Haryanvi Bible,हरियाणवी भाषा म्ह पवित्र शास्त्र,,Haryanvi,Haryanvi,,
2954,HAD,HAD,"Bible in Hatam Language Papua, Indonesia",ALLAH NIHYET MEM TUNGWATU NYA,,Hatam,Hatam,0,
71,HAU,HAU,Hausa Bible,Littafi Mai Tsarki,ha,Hausa,Hausa,2,
76,HPB,HPB,Hawaii Pidgin Bible,Hawaii Pidgin Bible,hw,Hawaii Creole English,Hawaii Pidgin,0,
2709,KBH,KBH,"Ka Baibala Hemolele, Hawaiian Bible",Ka Baibala Hemolele,,Hawaiian,Hawaiian,1,1
10,APD,APD,Hiligaynon Contemporary Bible 2022,Ang Pulong Sang Dios,,Hiligaynon,Ilonggo,0,
2191,ABHIL82,ABHIL82,Hiligaynon Form-Based Bible: Ang Biblia (1982),Ang Biblia (1982),,Hiligaynon,Ilonggo,0,1
819,HHBD,HHBD,Hindi Holy Bible,Hindi Holy Bible,hi,Hindi,हिन्दी,4,1
1628,HCV,HCV,Hindi Contemporary Version,सरल हिन्दी बाइबल,hi,Hindi,हिन्दी,4,1
1980,IRVHin,IRVHin,Indian Revised Version(IRV) Hindi - 2019,इंडियन रिवाइज्ड वर्जन (IRV) हिंदी - 2019,hi,Hindi,हिन्दी,4,1
2562,HERV,HERV,Holy Bible: Easy-to-Read Version,पवित्र बाइबल,hi,Hindi,हिन्दी,4,
820,HHBR,HHBR,Hindi Holy Bible,Hindi Holy Bible,,Hindi (Roman script),Hindi (Roman Script),4,1
2092,HMOTU93,HMOTU93,Hiri Motu Bible 1993,Buka Helaga (Hiri Motu) 1993,ho,Hiri Motu,Hiri Motu,0,1
1863,HMARCLBSI,HMARCLBSI,Hmar CL Bible (BSI),Pathien Lekhabu Inthieng (BSI),,Hmar,Hmar,0,1
1864,HMOVBSI,HMOVBSI,Hmar OV (Re-edited) Bible (Millennium) (BSI),Pathien Lekhabu Inthieng (BSI),,Hmar,Hmar,0,1
1269,HMOWSV,HMOWSV,The Holy Bible - White Hmong Standard Version (2004),Vajtswv Txojlus - lus Hmoob Dawb - txhais tshiab xyoo 2004,,Hmong Daw,Hmong,0,1
1216,HMOBSV,HMOBSV,The Holy Bible - Blue Hmong Standard Version (2004),Vaajtswv Txujlug - lug Moob Ntsuab  - txhais tshab xyoo 2004,,Hmong Njua,Hmong Hoa,0,1
1018,HRACLBSI,HRACLBSI,Hrangkhol C.L. Bible (BSI),PATHIAN LEKHABU IRTHIANG C.L. Bible (BSI),,Hrangkhol,Hrangkhol,,
670,qvhB,qvhB,Quechua Huamalies Bible,Tayta Diospa Wilakuynin,,Huamalíes-Dos de Mayo Huánuco Quechua,Huamalíes-Dos de Mayo Huánuco Quechua,1,
734,qwhB,qwhB,"Quechua, Huaylas Bible",Teyta Diospa Willakïnin,,Huaylas Ancash Quechua,Huaylas Ancash Quechua,1,
830,hchk,hch,Kakaɨyari Niukieya,Kakaɨyari Niukieya,,Huichol,Huichol,0,1
84,HUNK,HUNK,Karoli Bible 1908,Karoli Bible 1908,hu,Hungarian,Magyar,4,
198,ERV-HU,EFO,2012 HUNGARIAN BIBLE: EASY-TO-READ VERSION,2012 HUNGARIAN BIBLE: EASY-TO-READ VERSION,hu,Hungarian,Magyar,4,
2619,ICB,ICB,Ibibio Contemporary Bible 2025,Adisana Ñwed Abasi ke Ikọ Ibibio Ayio Mfịn,,Ibibio,Ibibio,0,1
2359,BIBLIAN81,BIBLIAN81,Icelandic Bible 1981,Biblían (1981),is,Icelandic,Íslenska,2,
2615,IGL70,IGL70,The Bible in Igala 1970,O̩TAKADA O̩LA O̩JO̩ 1970,,Igala,Igala,,
77,IGBOB,IGBOB,Bible,Bible Nso,ig,Igbo,Igbo,1,1
3066,ikkBI,ikkBI,The Bible in Ika,Ika,,Ika,Ika,0,1
1599,Ikwo,Ikwo,Ikwo Bible,BAYỊBURU Ikwo,,Ikwo,Ikwo,,
782,RIPV,RIPV,Bible with DC,Ti Baro a Naimbag a Damag Biblia,,Iloko,Ilokano,1,
2192,TB1973,TB1973,Ilokano Form-Based Bible: Ti Biblia (1973),Ti Biblia (1973),,Iloko,Ilokano,1,1
264,QUII,QUII,Quichua Imbabura Bible,Diospaj Shimi,,Imbabura Highland Quichua,Kichwa: Imbabura,1,1
27,BIMK,BIMK,Today's Indonesian Version,Alkitab dalam Bahasa Indonesia Masa Kini,id,Indonesian,Bahasa Indonesia,3,
306,TB,TB,Terjemahan Baru Indonesia,Alkitab Terjemahan Baru,id,Indonesian,Bahasa Indonesia,3,1
2861,LAI-TL,LAI-TL,Indonesian Bible Old Translation,Alkitab Terjemahan Lama,id,Indonesian,Bahasa Indonesia,3,1
455,EAIB,EAIB,Eastern Artic Inuktitut Bible,ᐊᒡᓔᑦ ᐃᑦᔪᕐᖕᓁᑦᑐᑦ,,Inuktitut: Eastern Arctic,ᐃᓄᒃᑎᑐᑦ,1,1
803,LIHB08,LIHB08,Labrador Inuttitut Heritage Bible,Labrador Inuttitut Heritage Bible,,Inuktitut: Labrador (Nunavimmiututut),ᓄᓇᕗᒻᒥᐅᑦ,1,1
3623,OSS2022,ИрББЛ2022,Ossetic Bible 2022 (extended),Библи: Сыгъдӕг Фысты чингуытӕ: Рагон Фӕдзӕхст ӕмӕ Ног Фӕдзӕхст,os,Irōn ævzag (Ossetian),ирон ӕвзаг,1,
54,DB1885,DB1885,Diodati Bible 1885,Diodati Bibbia 1885,it,Italian,Italiano,4,
122,NR06,NR06,Nuova Riveduta 2006,Nuova Riveduta 2006,it,Italian,Italiano,4,1
123,NR94,NR94,Nuova Riveduta 1994,Nuova Riveduta 1994,it,Italian,Italiano,4,1
141,RDV24,RDV24,Versione Diodati Riveduta,Versione Diodati Riveduta,it,Italian,Italiano,4,
3368,IRB20,IRB20,Italian Riveduta 2020 Bible,La Sacra Bibbia Versione Riveduta 2020 (R2),it,Italian,Italiano,4,
220,IuMiTH,IuMiTH,Mien Bible (Thai Script),Iu-Mien Thai,,Iu Mien,ภาษาอิวเมี่ยน,,
1601,Izii,Izii,Izii Bible,BAYỊBURU Izii,,Izii,Izii,,
81,JA1955,JA1955,Colloquial Japanese (1955),Colloquial Japanese (1955),ja,Japanese,日本語,5,1
1820,JC,口語訳,"The Bible, Colloquial Japanese",Japanese: 聖書　口語訳,ja,Japanese,日本語,5,1
3802,JERV,ERV訳,ERV Translation ー Easy-to-Read Bible ー,ERV 訳 ー 読みやすい聖書 ー,ja,Japanese,日本語,5,
4016,JCV,口語訳,Japanese Colloquial Version,聖書 口語訳,ja,Japanese,日本語,5,1
248,JAV,JAV,Javanese Bible,Kitab Sutji,jv,Javanese,Basa Jawa,1,
490,QUICH1,QUICH1,Quiché Bible,Quiché Bible,,K'iche',K'iche',,
348,JCLB,JCLB,Jinghpaw Common Language Bible 2009,Jinghpaw Common Language Bible 2009,,Kachin,Jingpho,0,
2647,JHVT3,JHVT3,Jinghpaw Hanson Version Bible,Jinghpaw Hanson Version Bible,,Kachin,Jingpho,0,
172,TDVR,BDK,Today's Dusun Version (Bible),Buuk Do Kinorohingan,,Kadazan Dusun,Boros Dusun,,
2927,BUKUIT,BUKUIT,OLD KALENJIN BIBLE,BUKUIT NE TILIL,,Kalenjin,Kalenjin,0,1
3544,kbq,KBQ,Kamano-Kafe Bible [kbq],Anumzamofo Routage Avantafere,,Kamano,Kamano,0,1
2772,Mbivlia,Mbivlia,OLD KAMBA BIBLE,Mbivilia,,Kamba (Kenya),Kamba (Kenya),0,1
1684,KANJV-BSI,KANJV-BSI,Kannada Jevoha Version Bible (BSI),ಕನ್ನಡ ಸತ್ಯವೇದವು J.V. (BSI),kn,Kannada,ಕನ್ನಡ,1,
1898,IRVKan,IRVKan,Indian Revised Version (IRV) Kannada - 2019,ಇಂಡಿಯನ್ ರಿವೈಜ್ಡ್ ವರ್ಸನ್ (IRV) - ಕನ್ನಡ - 2019,kn,Kannada,ಕನ್ನಡ,1,
3152,KERV,KERV,Holy Bible: Easy-to-Read Version,ಪರಿಶುದ್ದ ಬೈಬಲ್‌,kn,Kannada,ಕನ್ನಡ,1,
3259,KCV,KSB,Kannada Contemporary Version 2022,ಕನ್ನಡ ಸಮಕಾಲಿಕ ಅನುವಾದ,kn,Kannada,ಕನ್ನಡ,1,1
2469,KSWM,KSWM,Sgaw Mason Bible,Sgaw Mason Bible,,"Karen, S’gaw (S'gaw Karen)",ကညီကျိာ်,0,
2480,pwokyn2,pwokyn2,Pwo Kayin Bible,Pwo Kayin Bible,,"Karen, Western Pwo (Karen script)",Pwo Western Karen,0,
4085,TDK1990,TDK1990,Today's Dahun Kayan Bible 1990,SURAT TUHAN Dahun Kayan 1990,,"Kayan, Baram","Kayan, Baram",0,
628,kek,kek,The Holy Word,Li Santil hu,,Kekchí,Kekchí,0,1
1450,ify,ify,"Kalaha, Keley-i Whole Bible",Keley-i Bible (Antipolo Ifugao),,Keley-I Kallahan,Antipolo Ifugao,,
3486,KNTOT,KNTOT,Ketengban Bible NT OTX,"Allah Upu: Allahdi Pumun Taru pe, Ukupu Taru pe, Pediramseu Upu",,Ketengban,Ketengban,0,
2663,KHB,KHB,KHASI HOLY BIBLE (OV),KA BAIBL,,Khasi,Khasi,0,1
1058,KHIABSI,KHIABSI,Khiamnuingan Naga C.L. Bible (BSI),ASIO THSAMLAI C.L. Bible (BSI),,Khiamniungan Naga,Khiamniungan Naga,,
1270,KHB54,ពគប,"Khmer Old Version 1954, 1962",ព្រះគម្ពីរបរិសុទ្ធ ១៩៥៤,km,Khmer,ភាសាខ្មែរ,1,1
2926,OGKBIBLE,OGKBIBLE,OLD GIKUYU BIBLE,IBUKU RĨRĨA ITHERU RĨA NGAI,ki,Kikuyu,Gĩkũyũ (Gikuyu),1,1
2062,PNGKIR,PNGKIR,Kiriwina Bible,Buki Pilabumaboma,,Kilivila,Kilivila,0,
2669,KMB80,KMB80,Holy Bible in Kimbundu,O Mikanda Ikola,,Kimbundu,Kimbundu,,
1833,KB80,KB80,The Bible in Kinandi,AMASAKO ABOYTRTRE WA NYAMUHANGA AWAKAHULAWA MO BIBLIA,,Kinandi (Ndandi) ,Ndandi,0,1
86,KLB,KLB,Korean Living Bible 1985,현대인의 성경,ko,Korean,한국어,4,
88,KRV,KRV,Korean Revised Version,개역한글,ko,Korean,한국어,4,1
142,RNKSV,RNKSV,Revised New Korean Standard Version,새번역,ko,Korean,한국어,4,1
3803,KOERV,KOERV,Holy Bible: Easy-to-Read Translation,읽기 쉬운 성경,ko,Korean,한국어,4,1
4639,WB,WB,Woorimal Bible 5th Edition,Woorimal Bible 5th Edition,ko,Korean,한국어,4,1
3004,kos,KOS,Kosraean Bible,BIBLE MUTAL,,Kosraean,Kosraean,0,1
251,KURNT,KURNT,Kurdish New Testament and Psalms +,Kurmanji Încîl,ku,Kurmanji Kurdish,Kurmancî,0,1
4235,KWN,KWN,The Bible in Rukwangili 1987 (Namibia),The Bible in Rukwangili 1987 (Namibia),,Kwangali,ruKwangali,0,
91,LHBE,LHBE,Lahu Bible Edited,Lahu Bible Edited,,Lahu,Lahu,0,
947,LMB,AAL59,Lamba Bible version 1959,Amashiwi Aba Lesa,,Lamba,Ichilamba,0,1
4580,Banjara,Lambadi,Banjara/Lambadi/Gorboli Bible (Telugu Script),పవిత్తర్ బైబిల్ (బంజారా/లంబాడి/గోర్బోలి),,Lambadi,Lambadi,,
1974,Lango,Lango,Lango Bible 1978,BUK OBAŊA ACIL AME OLWOŊO NI BAIBUL AME OGEO LOKO I LEB LAŊO,,Lango (Uganda),Lango,0,1
1727,RLV15,ພຄພ,Revised Lao Version 2015,ພຣະຄຳພີສັກສິ,lo,Lao,ລາວ,2,
2442,lef,lef,"The Bible in the Lɛlɛmi language, Ghana, West Africa",Katɔti Ɔku Kedee,,Lelemi,Lelemi,0,
1476,ENHL,ENHL,Enhlit Bible,Enhlit Bible,,Lengua Norte (Paraguay),Enhlit (Enhlet),,
2794,LRB,LRB,Lisu Revised Bible,Lisu Revised Bible,,Lisu,Lisu,0,
321,KBV,KBV,Biblija. Senasis Testamentas. Naujasis Testamentas,Biblija. Senasis Testamentas. Naujasis Testamentas,lt,Lithuanian,Lietuvių,3,1
2919,TSH,TSH,Bible in Tshiluba 2003,Mukanda wa Nzambi Dihungila Dikulukulu ne Dihungila Dihia-dihia 2003,,Luba-Lulua,Tshiluba,0,1
2970,LB66,LB66,Bible in Lugbara,E’yo Siza Alatararu Munguniri BIBLIA,,Lugbara,Lugbara,0,1
2887,MBE,MBE,OLD MARAGOLI BIBLE,KITABU KITAKATIFU,,Lulogooli,Lulogooli,,
3072,TLBV,BLD,Today's Lun Bawang Version,BALA LUK DO',,Lun Bawang,Lun Bawang,,
3090,LUN62,MW62,Lunda-Ndembu Bible Version 1962,MUKANDA WANZAMBI,,Lunda,Lunda,0,1
3305,LNB04,MWW04,The Holy Bible in Lunda Ndembu,Mukanda Wajila Wanzambi,,Lunda,Lunda,0,1
253,MIZOVBSI,MIZOVBSI,Mizo OV (Re-edited) Bible (BSI),THUTHLUNG HLUI (Re-edited) Bible (BSI),,Lushai,Mizo ṭawng,0,
1048,MIZCLBSI,MIZCLBSI,Mizo (Lushai) C.L. Bible (BSI),Common Language,,Lushai,Mizo ṭawng,0,1
2677,LUE70,LUE70,Luvale Bible 1970,Luvale Bible 1970,,Luvale,Luvale,0,1
3043,MAS2,MAS2,Holy Bible in Kimashami,BIBILLYA Mareiyo Meele a Iruva,,Machame,Machame,0,1
4071,MOF89,MOF89,Bible Mofa 1989,Ma Zhiklè,,Mafa,Mafa,,
2871,MAK,MAK,Old and New Testament in Today's Makassar Version,KITTA' MATANGKASA',,Makasar,Makasar,0,
3013,VMK2021,VMK2021,Makhua Shirima Bible,Emakhuwa Bible,,Makhuwa-Shirima,Makua,,
2271,AVB,AVB,Alkitab Versi Borneo,Alkitab Versi Borneo,ms,Malay,Bahasa Melayu,3,1
1693,MALOVBSI,MALOVBSI,Malayalam OV Bible (BSI),സത്യവേദപുസ്തകം OV Bible (BSI),ml,Malayalam,മലയാളം,1,1
1912,IRVMAL,IRVMAL,Indian Revised Version (IRV) Malayalam - 2025,ഇന്ത്യൻ റിവൈസ്ഡ് വേർഷൻ (IRV) - മലയാളം,ml,Malayalam,മലയാളം,1,1
2333,MAL10RO,വേദപുസ്തകം,Malayalam Sathyavedapusthakam 1910 Edition (Revised Orthography),മലയാളം സത്യവേദപുസ്തകം 1910 പതിപ്പ് (പരിഷ്കരിച്ച ലിപിയിൽ),ml,Malayalam,മലയാളം,1,1
2431,MCV,MCV,Malayalam Contemporary Version 2020,സമകാലിക മലയാളവിവർത്തനം,ml,Malayalam,മലയാളം,1,
491,MAMH,MAMH,Mam de Huehuetenango Bible,Mam de Huehuetenango Bible,,Mam,Mam,0,
2278,MAMNO,MAMNO,Mam Huehuetenango New Ortography,Mam de Huehuetenango nueva ortografía,,Mam,Mam,0,
1702,BIB1819,BIB1819,"Yn Vible Casherick 1775, 1819 (Manx Bible) corrected edition","Yn Vible Casherick 1775, 1819",gv,Manx Gaelic,Gaelg,1,
94,MRI1952,MRI1952,Maori Bible 1952,Te Paipera Tapu 1952,mi,Maori,Māori,1,1
3363,MRI2012,MRI2012,Maori Bible 2012,Paipera Tapu 2012,mi,Maori,Māori,1,1
3662,MARVBSI,MARVBSI,Mara Bible RV (BSI),Mara Bible RV (BSI),,Mara,Mara,0,1
1686,MARVBSI,MARVBSI,Marathi RV (Re-edited) Bible (BSI),पवित्र शास्त्र RV (Re-edited) Bible (BSI),mr,Marathi,मराठी,2,
1910,IRVMar,IRVMar,Indian Revised Version (IRV) - Marathi,इंडियन रीवाइज्ड वर्जन (IRV) - मराठी,mr,Marathi,मराठी,2,1
3260,MRCV,MRCV,"Holy Bible, Marathi Contemporary Version","पवित्रशास्त्र, मराठी समकालीन आवृत्ती",mr,Marathi,मराठी,2,1
265,qvm,qvmB,Quechua Margos-Yarowilca-Lauricocha Bible,Tayta Diospa Wilakuynin,,Margos-Yarowilca-Lauricocha Quechua,Quechua Margos-Yarowilca-Lauricocha,1,
3436,MWV,MWV,Old and New Testament in Today's Mentawai Version,BUKO SIPUNENAN,,Mentawai,Mentawai,0,1
2130,QUETZMIXE,QUETZMIXE,La Biblia en idioma mixe de Quetzaltepec,Biblia Mixe de Quetzaltepec,,Mixe: Quezaltepec,Mixe: Quezaltepec,0,
3097,KIM2,KIM2,Kimochi Bible,Bibilia Kui Mdedie fo Kimochi,,Mochi,Mochi,,
921,FPB,FPB,Filos Pergamos,H Αγία Γραφή στη Δημοτική (Filos Pergamos),el,Modern Greek,Ελληνικά,3,1
2917,LOL87,LOL87,Lomongo Bible 1987,BONKANDA WA NZAKOMBA,,Mongo,Mongo-Nkundu,0,1
369,MAB2004,АБ2004,"Mongolian Ariun Bible, 2004 Edition","Ариун Библи, 2004",mn,Mongolian,Монгол,1,1
1590,AB2013,АБ2013,Ariun Bible 2013,Ариун Библи 2013,mn,Mongolian,Монгол,1,1
3813,XMZ,XMZ,The Bible in Mori Language,Wunta Mempori,,Mori Bawah,Mori Bawah,,
386,JBMLE,JBMLE,Judson Bible,Judson Bible,my,Myanmar Burmese (Unicode),မြန်မာယူနီကုတ်,1,
1391,MSBU,MSBU,Myanmar Standard Bible (Unicode),မြန်​​​မာ့​​​စံ​​​မီ​​​သမ္မာ​​​ကျမ်း​​,my,Myanmar Burmese (Unicode),မြန်မာယူနီကုတ်,1,
2397,GHB,GHB,Garrad Bible,Garrad Bible,my,Myanmar Burmese (Unicode),မြန်မာယူနီကုတ်,1,
1459,MSBZ,MSBZ,Myanmar Standard Bible (Zawgyi),ျမန္​မာ့​စံ​မီ​သမၼာ​က်မ္,my,Myanmar Burmese (Zawgyi),ျမန္မာေဇာ္ဂ်ီ,1,
2760,JBZV,JBZV,Judson Bible in Zawgyi Version,Judson Bible in Zawgyi Version,my,Myanmar Burmese (Zawgyi),ျမန္မာေဇာ္ဂ်ီ,1,
3438,MYE,MYE,Myene Bible 1927,Bibili 1927 (Omyene),,Myene,Ômyèṉè,,
4486,NorthZeme,NorthernZeme,Northern Zeme Bible,Northern Zeme Bible,,"Naga, Mzieme","Naga, Mzieme",0,1
2671,NERV,NERV,Holy Bible: Easy-to-Read Version,पवित्र बाइबल,ne,Nepali,नेपाली,1,
3261,NCV,NCV,"Holy Bible, Nepali Contemporary Version","पवित्र बाइबल, नेपाली समकालीन संस्करण",ne,Nepali,नेपाली,1,1
2879,NIJ,NIJ,Old and New Testament in Today's Dayak Ngaju Version,SURAT BARASIH BARITA BAHALAP,,Ngaju,Ngaju,,
2881,NLK,NLK,The Old and New Testament in Today's South Yali Version,ALLAH WENE FANO WENE,,Ninia Yali,Ninia Yali,,
1486,NIVA,NIVA,Nivaclé Bible,Nivaclé Bible,,Nivaclé (Paraguay),Niwaklé,0,
943,gaw,NB,Nobonob Bible,Nobonob Baibel,,Nobonob,Nobonob,,
4087,BE1978,BE1978,Ndebele Bible (iBhayibhili Elingcwele) 1978,iBhayibhili Elingcwele 1978,nd,North Ndebele,isiNdebele (Zimbabwe),0,1
268,qxn,qxn,Bible in North Conchucos Quechua,Biblia en Quechua del norte de Conchucos,,Northern Conchucos Ancash Quechua,Huaylay,1,
29,Bibel2011,Bibel2011,Bibel2011 - Bibelselskapet,Bibel2011 - Bibelselskapet,no,Norwegian Bokmål,Norsk: bokmål,1,
30,Bibel1978,Bibel1978,Bibel1978/1985 - Bibelselskapet,Bibel1978/1985 - Bibelselskapet,no,Norwegian Bokmål,Norsk: bokmål,1,
102,NB,NB,Norsk Bibel 88/07,Norsk Bibel 88/07,no,Norwegian Bokmål,Norsk: bokmål,1,
121,Bibel1930,Bibel1930,Bibel 1930 - Bibelselskapet,Bibel 1930 - Bibelselskapet,no,Norwegian Bokmål,Norsk: bokmål,1,1
2216,BGO,BGO,Bibelen – Guds Ord 2017,Bibelen – Guds Ord 2017,no,Norwegian Bokmål,Norsk: bokmål,1,1
2321,BGO,BGO_Hver,Bibelen - Guds Ord Hverdagsbibelen (Hermon Forlag),Bibelen - Guds Ord Hverdagsbibelen (Hermon Forlag),no,Norwegian Bokmål,Norsk: bokmål,1,
119,Bibel2011,Bibel2011,Bibel 2011 - Bibelselskapet,Bibel 2011 - Bibelselskapet,nn,Norwegian Nynorsk,Norsk: nynorsk,1,
120,Bibel1978,Bibel1978,Bibel 1978/1985 - Bibelselskapet,Bibel 1978/1985 - Bibelselskapet,nn,Norwegian Nynorsk,Norsk: nynorsk,1,
2399,NYB96,NYB96,Nyakyusa Bible 1996,Biblia Umwikemo 1996,,Nyakyusa-Ngonde,Nyakyusa-Ngonde,,
4049,NGD,NNBII,Ngonde Old Bible,BAIBULO INONGWA INUNU,,Nyakyusa-Ngonde,Nyakyusa-Ngonde,,
3231,CHBV81,WWN82,Chinamwaga Bible Version 1981,WAKALATA WANO WALI,,Nyamwanga,Chinamwanga,,
1618,CCL,CCL,The Word of God in Contemporary Chichewa,Mawu a Mulungu mu Chichewa Chalero,ny,Nyanja,Chichewa,1,1
1434,B64,RR64,The Bible in Runyankore-Rukiga,Baibuli Erikwera,,Nyankole,Nyankole,0,1
2515,BRR64,BRR64,Bible in Runyoro-Rutooro 1964 Version,Bible in Runyoro-Rutooro 1964 Version,,Nyoro,Nyoro,0,1
1587,Obolo,Obolo,The Obolo Bible,Ikpa Mbuban,,Obolo,Obolo,0,1
1749,ODIAOV-BSI,ODIAOV-BSI,Odia Old Version (Re-edited) - (BSI),ପବିତ୍ର ବାଇବଲ (Re-edited) - (BSI),,Oriya,Odia,1,1
1886,oryirv,ORYIRV,Oria Indian Revised Version Bible,ଓଡିଆ ବାଇବେଲ,,Oriya,Odia,1,1
3804,OERV,OERV,Holy Bible: Easy-to-Read Version,ପବିତ୍ର ବାଇବଲ,,Oriya,Odia,1,
3497,AOBT,KitWoy,Arsi Oromo Bible,Kitaaba Woyyuu,,"Oromo, Arsi",Arsi Oromo,1,
1870,PAITBSI,PAITBSI,Paite OV (Re-edited) Bible (BSI),Pathian Laisiangthou (BSI),,Paite Chin,Paite,,
3480,pce,pce,"Palaung, Ruching Bible",บับ เฌาพรา อี บรีม บอ อี กามาย - รูจีง ดาอาง,,"Palaung, Ruching","Palaung, Ruching",0,
3654,pce,pce,PCE Bible Mymr,"Palaung, Ruching Bible",,"Palaung, Ruching","Palaung, Ruching",0,
3437,LAIPMF,LAIPMF,Pamona Bible Language,Sura Magali Nuntu Ngkatuwu,,Pamona,Pamona,0,
1687,PUNOVBSI,PUNOVBSI,Punjabi Old Version Bible (BSI),ਪਵਿੱਤਰ ਬਾਈਬਲ O.V. Bible (BSI),pa,Panjabi,ਪੰਜਾਬੀ,2,
1884,IRVPun,IRVPun,Indian Revised Version (IRV) Punjabi - 2019,ਇੰਡਿਅਨ ਰਿਵਾਇਜ਼ਡ ਵਰਜ਼ਨ (IRV) - ਪੰਜਾਬੀ,pa,Panjabi,ਪੰਜਾਬੀ,2,1
3467,PCV,PCB,Punjabi Contemporary Version 2025,ਪੰਜਾਬੀ ਮੌਜੂਦਾ ਤਰਜਮਾ,pa,Panjabi,ਪੰਜਾਬੀ,2,1
3805,PERV,PERV,Holy Bible: Easy-to-Read Version,ਪਵਿੱਤਰ ਬਾਈਬਲ,pa,Panjabi,ਪੰਜਾਬੀ,2,
818,PB13,BPK13,Papiamentu Bible 2013,Papiamentu Bible 2013,,Papiamento,Papiamentu,1,
1455,pdcB,pdcB,Bible,Pennsylvania Dutch Bible,,Pennsylvania German,Pennsilfaanisch Deitsch,1,1
1050,PHOMBSI,PHOMBSI,Phom Naga Bible (BSI),DAÜLANGPÜ  LAIHING (BSI),,Phom Naga,Phom Naga,,
3001,PON2006,PON2006,Pohnpeian Bible,Pohnpeian Bible,,Pohnpeian,Pohnpeian,0,
132,PBG,PBG,Biblia Gdańska,Biblia Gdańska,pl,Polish,Polski,4,
138,polUBG,UBG,Updated Gdansk Bible,UWSPÓŁCZEŚNIONA BIBLIA GDAŃSKA,pl,Polish,Polski,4,1
495,POK,POK,Pokomchi Bible,Pokomchi Bible,,Poqomchi',Poqomchi',0,1
129,NVI,NVI,Nova Versão Internacional - Português,Nova Versão Internacional - Português,pt,Portuguese (Brazil),Português (Brasil),4,1
200,VFL,VFL,Holy Bible: Easy-to-Read Translation,Bíblia Sagrada: Versão Fácil de Ler,pt,Portuguese (Brazil),Português (Brasil),4,
211,NTLH,NTLH,New Translation on Todays Language,Nova Tradução na Linguagem de Hoje,pt,Portuguese (Brazil),Português (Brasil),4,
212,ARC,ARC,Almeida Revista e Corrigida,Almeida Revista e Corrigida,pt,Portuguese (Brazil),Português (Brasil),4,1
277,TB,TB,Tradução Brasileira,Tradução Brasileira,pt,Portuguese (Brazil),Português (Brasil),4,1
1608,ARA,ARA,Almeida Revised and Updated,Almeida Revista e Atualizada,pt,Portuguese (Brazil),Português (Brasil),4,1
1840,NAA,NAA,New Almeida Updated,Nova Almeida Atualizada,pt,Portuguese (Brazil),Português (Brasil),4,1
1930,NVT,NVT,"Bíblia Sagrada, Nova Versão Transformadora","Bíblia Sagrada, Nova Versão Transformadora",pt,Portuguese (Brazil),Português (Brasil),4,1
1966,NBV-P,NBV-P,Brazilian Portuguese: New Living Bible,Nova Bíblia Viva Português,pt,Portuguese (Brazil),Português (Brasil),4,1
2645,A21,A21,Almeida 21 Bible Portuguese BR language,Biblia Almeida Século 21,pt,Portuguese (Brazil),Português (Brasil),4,1
4360,ptNVI,NVI,Nova Versão Internacional 2011 (Brazilian Portuguese NVI),Nova Versão Internacional 2011,pt,Portuguese (Brazil),Português (Brasil),4,1
215,ARC,ARC,"Translation of João Ferreira de Almeida, Revised and corrected (Portugal)",Almeida Revista e Corrigida (Portugal),pt,Portuguese (Portugal),Português (Portugal) ,4,1
1049,POUMBSI,POUMBSI,Poumai Naga Bible (BSI),SHEEYU BAIBEL (BSI),,Poumei Naga,Poumai Naga,,
1736,NPKTH,NPKTH,Northern Pwo Karen Thai Bible,Northern Pwo Karen Thai Bible,,Pwo Northern Karen,"Karen, Northern Pwo (Thai Script)",,
493,BK98,ATBYK89,Kanjobal Bible 1989,A Txꞌan Biblia Yin Kꞌanjobal 1989,,Q'anjob'al,Q'anjob'al,0,
1059,BRUBSI,BRUBSI,Bru Bible (BSI),BAIBEL KTHAR (BSI),,Riang (India),Riang (India),,
2605,ROMBALTR,ROMBALTR,Baltic Romani Bible 2019 in Roman scrpt,Biblija - Pe Baltitko Romani čib (Romanes) 2019,,Romani: Baltic,Romani: Baltic,1,1
2606,ROMBALT,ROMBALT,Baltic Romani Bible 2019 in Cyrillic script,Библия - Пэ Балтитко Романи чиб (Романэс) 2019,,Romani: Baltic,Romani: Baltic,1,1
3114,KALD2020,KALD2020,Kalderash Romani Cornilescu Bible 2020 (Romania),E Romaii Biblia 2020 (Kăldărărihko),,Romani: Kalderash,Romani: Kalderaš/căldărari,1,1
3370,BER,BACHRO,Biblia en Romané,Biblia ande chib Romani,,Romani: Ursari,Romani: Ursari,1,1
126,NTR,NTR,New Romanian Translation 2021,Noua Traducere Românească,ro,Romanian,Română,3,1
191,BDC,VDC,Romanian Cornilescu 1924 Reference Bible,"Biblia sau Sfânta Scriptură cu Trimiteri 1924, Dumitru Cornilescu",ro,Romanian,Română,3,1
903,BTF2015,BTF2015,Biblia Traducerea Fidela 2015,Biblia Traducerea Fidela 2015,ro,Romanian,Română,3,1
1454,BVA,BVA,Biblia în Versiune Actualizată 2018,Biblia în Versiune Actualizată 2018,ro,Romanian,Română,3,1
1466,BIV2014,BIV2014,Biblia în versuri 2014,Biblia în versuri 2014,ro,Romanian,Română,3,1
1996,VDCL,VDCL,Romanian Cornilescu literal translation 1931,Traducere Literală Cornilescu 1931,ro,Romanian,Română,3,1
2072,BDCC,БДК,Romanian Cornilescu Reference Bible 1924 in Cyrillic script (Moldova),Библия Думитру Корнилеску 1924,ro,Romanian,Română,3,1
3914,EDC100,EDC100,Cornilescu Centenary Edition 2024,Biblia Dumitru Cornilescu 2024,ro,Romanian,Română,3,1
1874,RONGBSI,RONGBSI,Rongmei Naga (Revised) Bible (BSI),NTHANMEI BAIBAL (Revised) (BSI),,Rongmei Naga,Rongmei Naga,,
1805,NDV,NDV,Ngudradrekai Bible,Ngudradreadrekadhane Ka Sisiu 魯凱語聖經,,Rukai,Ngudradrekai,0,
2944,RUN1967,RUN1967,"Bibliya Yera 1951, 1967 (Burundi)","Bibliya Yera 1951, 1967 (Burundi)",rn,Rundi,Ikirundi,0,1
2869,LAILOE,LAILOE,The Old and New Testament in Today's Saluan Version,KITAB NU TUMPU ALLA LELE MA'IMAI',,Saluan,Saluan,,
2203,SOV,SOV,Samoan Old Version Bible,O LE TUSI PAIA,sm,Samoan,Gagana fa'a Sāmoa,1,1
2894,SXN,SXN,Old and New Testament in Today's Sangir Version,BINOHẸ SUSI BAL᷊O MAPIA,,Sangir,Sangir,0,
3184,PLT,PLT,Old and New Testament in Today's Taghul᷊andang Version,BUKI SUSI Wahasa ngu Taghul᷊andang l᷊ou-l᷊ou,,Sangir,Sangir,0,
1531,ABG1992,ABG1992,Scots Gaelic Bible 1992,Am Bìoball Gàidhlig 1992,gd,Scots Gaelic,Gàidhlig,1,1
1747,ABIG,ABIG,"Scots Gaelic Reference Bible 1880, 1992","Am Bìoball Iomraidh Gàidhlig 1880, 1992",gd,Scots Gaelic,Gàidhlig,1,1
202,SB-ERV,SB-ERV,Holy Bible: Easy-to-Read Translation,Библија: Савремени српски превод,sr,Serbian,Српски Srpski,4,1
1969,NSTL,NSPL,New Serbian Translation Latin 2017,Novi srpski prevod,sr,Serbian,Српски Srpski,4,1
1970,NST,NSP,New Serbian Translation - Cyrillic,Нови српски превод,sr,Serbian,Српски Srpski,4,1
2165,srp1865,SRP1865,Serbian Bible,Sveta Biblija,sr,Serbian,Српски Srpski,4,1
4648,srp1868,DK,"The Holy Bible in Serbian, DK translation, Cyrillic",Свето писмо или Библија Превод Даничић-Караџић,sr,Serbian,Српски Srpski,4,1
185,TSW70,TSW70,Setswana 1970,Setswana 1970,tn,Setswana,Sechuana,2,1
278,TSW08NO,TSW08NO,SetswanaTswana 1908/1992,BAEBELE e e Boitshepo,tn,Setswana,Sechuana,2,1
2608,TSN1890,TSN1890,Sechuana Tlhaping Moffatt Bible 1890,Bibela ea Boitsépho 1890 (Sechuana Tlhaping - Moffatt Bible),tn,Setswana,Sechuana,2,1
3912,CTWB24,CTWB24,Contemporary Tswana Bible 2024,Contemporary Tswana Bible 2024,tn,Setswana,Sechuana,2,1
32,SCB,BDSC,Shona Contemporary Bible,Bhaibheri Dzvene MuChiShona Chanhasi,sn,Shona,chiShona,1,1
1931,SUB1949,SUB1949,Original Shona Union Bible 1949 (Doke Orthography),Baiberi Magwaro Matȿene aMŋari 1949 (Doke),sn,Shona,chiShona,1,1
1960,SNA2002,SNA2002,"Shona Bible 1949, revised 2002","Shona Bible 1949, revised 2002",sn,Shona,chiShona,1,1
4046,SUB,SUB,Shona Bible Union Version 2002,Shona BIBLE,sn,Shona,chiShona,1,1
2907,Wul,Wul,Old and New Testament in Ngalik Language,Allah Iak 'Belak Naduk A'ge emin Pobuk A'ge Emin Wusogo Wogenebegei Wene,,Silimo,Silimo,,
3316,SB62,SB62,Sindhi Bible NT,Sindhi Bible NT,sd,Sindhi,سنڌي,1,1
3265,SCV,SCV,Sinhala Contemporary Version 2025,සිංහල කාලීන පරිවර්තනය,si,Sinhala,සිංහල,0,1
2553,SIS,SIS,Sisaala Bible,WƖA TENIŊ,,"Sisaala, Tumulung","Sisaala, Tumulung",0,
615,SIPB,SIPB,Solomon Islands Pijin Bible,Pijin Bible,,Solomon Islands Pidgin,Pijin,,
4380,SIPB,SIPB,Solomon Islands Pijin Bible,La Bible en Lifou,,Solomon Islands Pidgin,Pijin,,
87,SOM08,SOM08,Somali Bible,Kitaabka Quduuska Ah,so,Somali,Soomaali,1,1
2934,SOMBIBLE,SOMBIBLE,SOMALI BIBLE  PROTESTANT EDITION,KITAABKA QUDUUSKA AH,so,Somali,Soomaali,1,1
124,NSO51,NSO51,Northern Sotho 1951/1986,BIBELE,,"Sotho, Northern",Sesotho sa Leboa,1,
256,NSO00,NSO00,Northern Sotho 2000,BIBELE Taba yea Botse,,"Sotho, Northern",Sesotho sa Leboa,1,
3854,CSEB24,CSEB24,Contemporary Sepedi Nothern Sotho Bible 2024,Contemporary Sepedi Nothern Sotho Bible 2024,,"Sotho, Northern",Sesotho sa Leboa,1,1
450,SND12,SND12,IsiNdebele 2012 Translation,IsiNdebele 2012 Translation,nr,South Ndebele,isiNdebele,0,
290,qxo,qxo,Bible in Quechua of South Conchucos,Biblia en Quechua del sur de Conchucos,,Southern Conchucos Ancash Quechua,Quechua Southern Conchucos Ancash,1,
1872,REGSBSI,REGSBSI,Rengma Naga (S) CL Bible (BSI),KENSHÜN LESÜ Naga (S) CL Bible (BSI),,Southern Rengma Naga,Rengma Naga,,
273,SSO61-SO,SSO61-SO,Sesotho 1909/1961 (SO),Sesotho 1909/1961 (SO),st,Southern Sotho,Sesotho,1,1
274,SSO89SO,SSO89SO,Sesotho 1989 Translation (Standard Orth),BIBELE,st,Southern Sotho,Sesotho,1,1
3845,CSOB24,CSOB24,Contemporary Southern Sotho Bible 2024,Contemporary Southern Sotho Bible 2024,st,Southern Sotho,Sesotho,1,1
89,LBLA,LBLA,La Biblia de las Américas,La Biblia de las Américas,es,Spanish,Español (América Latina),5,1
103,NBLA,NBLA,Nueva Biblia de las Américas,Nueva Biblia de las Américas,es,Spanish,Español (América Latina),5,1
127,NTV,NTV,Nueva Traducción Viviente,Nueva Traducción Viviente,es,Spanish,Español (América Latina),5,1
128,NVI-S,NVI,Nueva Versión Internacional 2025,Nueva Versión Internacional - Español,es,Spanish,Español (América Latina),5,1
146,RVC,RVC,Reina Valera Contemporánea,Reina Valera Contemporánea,es,Spanish,Español (América Latina),5,1
147,RVES,RVES,Reina-Valera Antigua,Reina-Valera Antigua,es,Spanish,Español (América Latina),5,1
150,RVR95,RVR95,Reina Valera 1995,Biblia Reina Valera 1995,es,Spanish,Español (América Latina),5,1
197,PDT,PDT,Holy Bible: The Word of God for All,La Biblia: La Palabra de Dios para todos,es,Spanish,Español (América Latina),5,
753,NBV,NBV,New Living Bible,Nueva Biblia Viva,es,Spanish,Español (América Latina),5,
1076,JBS,JBS,Biblia del Jubileo,Biblia del Jubileo,es,Spanish,Español (América Latina),5,1
1718,RVR09,RVR09,Biblia Reina Valera 1909,Biblia Reina Valera 1909,es,Spanish,Español (América Latina),5,1
1782,RVA2015,RVA2015,Reina Valera Actualizada,Reina Valera Actualizada,es,Spanish,Español (América Latina),5,1
3291,VBL,VBL,Versión Biblia Libre,Versión Biblia Libre,es,Spanish,Español (América Latina),5,1
3365,spaPdDpt,PdDpt,"Spanish Bible, Palabla de Dios para ti",Palabla de Dios para ti,es,Spanish,Español (América Latina),5,1
1637,NVIC,NVI,Spanish NVI,Nueva Versión Internacional - Castellano,es,Spanish (Spain),Español (España),5,
3425,RV2020,RV2020,Reina Valera 2020,Reina Valera 2020,es,Spanish (Spain),Español (España),5,1
2410,LAISUN,LAISUN,Old and New Testament in Today's Sundanese Version,KITAB SUCI,su,Sundanese,Sundanese,1,
789,SUSZ,SUSZ,Sunuwar,कोँइच,,Sunwar,कोँइच,,
3049,SRB37,SRB37,Swahili Roehl Bible 1937,Swahili Roehl Bible 1937,sw,Swahili,Kiswahili,2,
604,SWT,SWT,Siswati 1996 Bible,Siswati 1996 Bible,ss,Swazi,siSwati,1,1
154,B2000,B2000,Bible 2000 Swedish Translation,Bibel 2000,sv,Swedish,Svenska,4,
160,SFB98,SFB98,Svenska Folkbibeln,Svenska Folkbibeln,sv,Swedish,Svenska,4,
161,SK73,SK73,Karl XII 1873,Karl XII 1873,sv,Swedish,Svenska,4,
166,SVEN,SVEN,Svenska 1917,Svenska 1917,sv,Swedish,Svenska,4,
542,SB,SB,Svenskbibel,Svenskbibel,sv,Swedish,Svenska,4,
916,NUB,NUB,Swedish Contemporary Bible 2015,nuBibeln,sv,Swedish,Svenska,4,
1223,SFB15,SFB15,Svenska Folkbibeln 2015,Svenska Folkbibeln 2015,sv,Swedish,Svenska,4,
177,TLAB,TLAB,Ang Biblia,Ang Biblia,tl,Tagalog,Filipino,3,1
399,RTPV05,RTPV05,Magandang Balita Bible (Revised),Magandang Balita Bible (Revised),tl,Tagalog,Filipino,3,
1264,ASD,ASD,Tagalog Contemporary Bible,Ang Salita ng Diyos,tl,Tagalog,Filipino,3,
2195,ABTAG01,ABTAG01,Tagalog Form-Based Bible (2001),"Ang Biblia, 2001",tl,Tagalog,Filipino,3,1
2196,ABTAG,ABTAG,Tagalog Form-Based Bible (1905/1982),Ang Biblia (1905/1982),tl,Tagalog,Filipino,3,1
2898,LAITLD,LAITLD,Old and New Testament in Today's Talaud Version,WUKE SUSI WATTI'U AL᷊AL᷊USASSA,,Talaud,Talaud,0,
339,TAOVBSI,TAOVBSI,Tamil Old Version Bible (BSI),பரிசுத்த வேதாகமம் O.V. (BSI),ta,Tamil,தமிழ்,3,1
1899,IRVTam,IRVTam,Indian Revised Version (IRV) Tamil - 2019,இண்டியன் ரிவைஸ்டு வெர்ஸன் (IRV) - தமிழ்,ta,Tamil,தமிழ்,3,1
3154,TAERV,TAERV,Holy Bible: Easy-to-Read Version,பரிசுத்த பைபிள்,ta,Tamil,தமிழ்,3,
4245,TRV,TRV,Tamil Readerʼs Version,இலகு தமிழ் மொழிபெயர்ப்பு,ta,Tamil,தமிழ்,3,1
1545,TANGBSI,TANGBSI,Tangkhul Naga Bible (BSI),Kathara Bible (BSI),,Tangkhul Naga (India),Tangkhul,,
3109,SED1,Stgdaya,Seediq Tgdaya Bible Old Testament and New Testament,Kari Utux Baro Seediq Tgyada,,Taroko,Truku,0,
3617,TAWEAST,TAWEAST,Eastern Tawbuid Version,Eastern Tawbuid,,"Tawbuid, Eastern","Tawbuid, Eastern",,
3168,OCCT,OCCT,Western Tawbuid,Fanawbuid tagsibaliwas Fakayabian,,"Tawbuid, Western",Tawbuid,,
368,TDB,TDB,Tedim Bible,Tedim Bible,,Tedim Chin,Chin: Tedim,,
3561,TB77,TB77,Tedim Bible,Tedim Bible,,Tedim Chin,Chin: Tedim,,
1787,TELUBSI,TELUBSI,Telugu Old Version Bible (BSI),పరిశుద్ధ గ్రంథము O.V. Bible (BSI),te,Telugu,తెలుగు,1,
1895,IRVTel,IRVTel,Indian Revised Version (IRV) Telugu - 2019,ఇండియన్ రివైజ్డ్ వెర్షన్ (IRV) - తెలుగు -2019,te,Telugu,తెలుగు,1,
3155,TERV,TERV,Holy Bible: Easy-to-Read Version,పవిత్ర బైబిల్,te,Telugu,తెలుగు,1,
3268,TSA,TSA,"Telugu Contemporary Version, Holy Bible","తెలుగు సమకాలీన అనువాదం, పవిత్ర గ్రంథం",te,Telugu,తెలుగు,1,
2903,ino-rote,twu,Old and New Testament in Today's Rote Version,Susula Malalaok Hehelu Palak Ma Hehelu Beuk,,Termanu,Termanu,,
436,AOV1961,AOV1961,Ateso Old Version Bible,Ebaibuli,,Teso,Teso,0,1
2685,TLL,TLL,Otetela Bible 1991,La Bible en Otetela (Bible K'Ekila) 1991,,Tetela,Tetela,0,1
174,THSVD,THSV11,Thai Standard Version Revision (Digital),ฉบับมาตรฐาน,th,Thai,ภาษาไทย,3,1
175,KJV,KJV,Thai KJV,พระคัมภีร์ภาษาไทยฉบับ KJV,th,Thai,ภาษาไทย,3,1
179,TNCV,TNCV,Thai New Contemporary Version,พระคริสตธรรมคัมภีร์ไทย ฉบับอมตธรรมร่วมสมัย,th,Thai,ภาษาไทย,3,1
203,THA-ERV,THA-ERV,Holy Bible: Easy-to-Read Translation,พระคริสตธรรมคัมภีร์: ฉบับอ่านเข้าใจง่าย,th,Thai,ภาษาไทย,3,
2046,TH1940,TH1940,Thai Holy Bible 1940,พระคริสตธรรมคัมภีร์ ฉบับ 1940,th,Thai,ภาษาไทย,3,1
2744,NTV,NTV,New Thai Version (NTV),พระคัมภีร์ ฉบับแปลใหม่ (NTV),th,Thai,ภาษาไทย,3,1
3615,thaKJV,thaKJV,Thai KJV,Thai KJV,th,Thai,ภาษาไทย,3,1
4501,TNCV,TNCV,Biblica® Open Thai New Contemporary Version 2007,Biblica® พระคริสตธรรมคัมภีร์ไทย ฉบับอมตธรรมร่วมสมัยแบบเปิด,th,Thai,ภาษาไทย,3,1
4502,TCV,TCV,Thai Common Version 2025,คัมภีร์ ฉบับไทยสามัญ,th,Thai,ภาษาไทย,3,1
289,tca,tcaP,Ticuna Bible -Peru ed.,Tupanaarü Ore,,Ticuna,Ticuna,0,
2575,TOBNR,TOBNR,TIV OLD BIBLE NO REF,ICIGHAN BIBILO,,Tiv,Tiv,0,1
574,BTQ13,LÑLE13,Biblia en Toba Qom 2013,La'aqtaqa Ñim  Lo'onatac 'Enauacna 2013,,Toba,Toba Qom,0,
2897,TLB,TLB,Old and New Testament in Today's Tobelo Version,MA JOU AI BUKU O ABARI MA OA,,Tobelo,Tobelo,0,
3023,YABD,YABD,La palabra de Dios,Ja yab'al ja Dyosi,,Tojolabal,Tojolabal,0,
2974,TongaMw,TongaMw,Tonga Bible 1986,Tonga Bible 1986,,Tonga (Nyasa),chiTonga,0,1
3181,TWB,TWB,The Holy Bible in Tongan - Tongan West Bible,Koe Tohi Tabu Katoa,to,Tonga (Tonga Islands),lea fakatonga,1,1
984,Tonga63,Ibbaib63,Tonga Bible 1963,Ibbaibele 1963,,Tonga (Zambia),chiTonga,0,1
2956,Tonga96,Tonga96,Tonga Bible 1996,Bbaibele,,Tonga (Zambia),chiTonga,0,1
159,SDA,SDA,Toraja Bible,Sura' Madatu,,Toraja-Sa'dan,Toraja-Sa'dan,0,
184,TSO89,TSO89,Tsonga 1989 Translation,BIBELE Mahungu Lamanene,ts,Tsonga,Xitsonga,1,1
607,TSO29,TSO29,Tsonga 1929/2012,Xitsonga (Bibele),ts,Tsonga,Xitsonga,1,1
3855,CTSB24,CTSB24,Contemporary Tsonga Bible 2024,Contemporary Tsonga Bible 2024,ts,Tsonga,Xitsonga,1,1
2902,TSC72,TSC72,Tshwa Bible,Tshwa Bible,,Tswa,Tswa,,
170,TCL02,TCL02,"Turkish Bible, 2001, 2008","Kutsal Kitap Yeni Çeviri 2001, 2008",tr,Turkish,Türkçe,4,
2028,KMESK,KMEYA,Turkish Bible Old Translation 1941,Turkish Bible Old Translation 1941,tr,Turkish,Türkçe,4,1
2091,TKK,ТКК,Turkish Revision 2008 Bible in Cyrillic,Кирил харфлерийле Тюркче Кутсал Китап,tr,Turkish,Türkçe,4,
3844,turytc,YTC,Literal Turkish Bible Translation (YTC),Yorumsuz Türkçe Çeviri (YTC),tr,Turkish,Türkçe,4,
361,TZH,TZH,Bible in Tzeltal Bachajón,Bible in Tzeltal Bachajón,,Tzeltal,Tzeltal,0,1
363,TZOXCH,TZOXCH,Bible in Tzeltal de Oxchuc y Tenejapa,Bible in Tzeltal de Oxchuc y Tenejapa,,Tzeltal,Tzeltal,0,
334,TZC00,TZC00,Bible in Tzotzil de Chamula,Bible in Tzotzil de Chamula,,Tzotzil,Tzotzil,0,
2837,AOZ,AOZ,"Bible in Today's Timur Dawan Version East Nusa Tenggara, Indonesia",SULAT KNINO BENO ALEKOT,,Uab Meto,Uab Meto,,
188,UKRK,UKRK,"Біблія в пер. П.Куліша та І.Пулюя, 1905","Біблія в пер. П.Куліша та І.Пулюя, 1905",uk,Ukrainian,Українська,3,
204,UMT,UMT,Holy Bible: Easy-to-Read Version,Свята Біблія: Сучасною мовою,uk,Ukrainian,Українська,3,
2686,EMB63,EMB63,Umbundu Bible 1963,Embimbiliya - Bíblia Sagrada em Umbundu,,Umbundu,Umbundu,0,1
3385,MTG,MTG,Old and New the Una Language,Er Imtamnyi Uram,,Una,Una,0,
187,urdgvu,URDGVU,"Urdu Geo Version, Urdu Script",ہولی بائبل کا اردو جیو ورژن,ur,Urdu,اردو,3,
189,URD,URD,Urdu Bible,کِتابِ مُقادّس,ur,Urdu,اردو,3,1
3327,urdgvh,URDGVH,Urdu Geo Version (Hindi Script),किताबे-मुक़द्दस,ur,Urdu,اردو,3,
3536,UCV,UCV,Urdu Contemporary Version 2024,اُردو ہم عصر ترجُمہ,ur,Urdu,اردو,3,1
4553,URHCV,URHCV,"Urdu Contemporary Version, Devanagari Edition","किताब-ए-मुक़द्‍दस, उर्दू हमअस्र तरजुमा",ur,Urdu,اردو,3,1
4654,urdgvb,URDGVB,"Urdu Geo Version, Bangla Script",কিতাবে-মুকদ্দস,ur,Urdu,اردو,3,
481,DGV,DGV,किताब-ए मुक़द्दस,किताब-ए मुक़द्दस,,Urdu (Devanagari),उर्दू,3,
1885,IRVUrd,IRVUrd,Indian Revised Version (IRV) Urdu - 2019,इंडियन रिवाइज्ड वर्जन (IRV) उर्दू - 2019,,Urdu (Devanagari),उर्दू,3,1
1553,URDR55,URDR55,Romanised Urdu Bible 1955,"Kitáb i Muqaddas 1955 (Tauret, Zabúr, Ambiyá ke Sahífa, aur Injíl)",,Urdu (Roman),Urdū,3,1
1887,urdgvr,GVR,Urdu Geo Version (Roman Script),Kitab-i Muqaddas,,Urdu (Roman),Urdū,3,1
2616,UBV77,UBV77,Bible in Urhobo,BAIBOL ỌFUANFON NA RẸ ỌPHỌ RẸ AWANRE KUGBE ỌPHỌ ỌKPOKPỌ,,Urhobo,Urhobo,0,1
2601,IAAI,IAAI,Iaai Bible 1901 (New Caledonia),Iaai Bible 1901 (New Caledonia),,Uvean,Iaai,,
1062,VAIPBSI,VAIPBSI,Vaiphei CL Bible (BSI),PATHIAN LEKHABU THIANGTHO (BSI),,Vaiphei,Vaiphei,,
280,VEN98,VEN98,Tshivenda 1998 Translation,BIVHILI KHETHWA Mafhungo Madifha,ve,Venda,Tshivenḓa,1,
19,BD2011,BD2011,"The Vietnamese Bible, 2011 Version","Kinh Thánh Tiếng Việt, Bản Dịch 2011",vi,Vietnamese,tiếng Việt,4,1
193,VIE1925,VIE1925,The Vietnamese Bible 1925,Kinh Thánh Tiếng Việt 1925,vi,Vietnamese,tiếng Việt,4,
205,BPT,BPT,Holy Bible: Easy-to-Read Translation,Thánh Kinh: Bản Phổ thông,vi,Vietnamese,tiếng Việt,4,
1638,VCB,KTHD,Vietnamese Contemporary Bible,Kinh Thánh Hiện Đại,vi,Vietnamese,tiếng Việt,4,1
325,WCL,WCL,Wa Common Language Translation,Wa Common Language Translation,,Wa,Wa,,
2720,WB2011,WB2011,Wallisien Bible 2011,Ko te Tohi Tapu i te fakauvea,,Wallisian,Faka 'uvea,0,
4574,OUV,OUV,OLULUYIA UNION VERSION,IBIBULIA,,Wanga,Wanga,,
287,BWM,BWM,"William Morgan Bible, Parry Revision, Updated Orthography 1955",Beibl William Morgan - Argraffiad 1955,cy,"Welsh, Galés",Cymraeg,1,1
329,bnet,bnet,"beibl.net (Welsh Colloquial Bible) 2015, 2024","beibl.net 2015, 2024",cy,"Welsh, Galés",Cymraeg,1,
394,BCND,BCND,Beibl Cymraeg Newydd Diwygiedig 2004,Beibl Cymraeg Newydd Diwygiedig 2004,cy,"Welsh, Galés",Cymraeg,1,1
3394,BWM1955C,BWM1955C,Beibl William Morgan - 1955 Edition with cross-references,Beibl William Morgan - Argraffiad 1955  gyda chroesgyfeiriadau,cy,"Welsh, Galés",Cymraeg,1,1
3202,MacQul,MacQul,West Oromo Bible,Macaafa Qulqulluu Afaan Oromoo,,West Central Oromo,West Central Oromo,,
4456,OOCS,KQTAB,Biblica® Open Oromo Contemporary Scriptures 2024,"Biblica® Katabbiiwwan Qulqulluu, Turjumaana Ammayyaa Banamaa 2024",,West Central Oromo,West Central Oromo,,
748,nhw,nhwW,"Nahuatl, Huasteca (Western) - Bible","Nahuatl, Huasteca (Western)",,Western Huasteca Nahuatl,Western Huasteca Nahuatl,1,
528,WCHB,WCHB,Wichi Bible,Biblia Wichi,,Wichí Lhamtés Güisnay,Wichí,0,
281,XHO75,XHO75,isiXhosa 1975,IZIBHALO EZINGCWELE,xh,Xhosa,isiXhosa,2,1
282,XHO96,XHO96,isiXhosa 1996,IBHAYIBHILE,xh,Xhosa,isiXhosa,2,
3602,CXB24,CXB24,Contemporary Xhosa Bible 2024,Contemporary Xhosa Bible 2024,xh,Xhosa,isiXhosa,2,1
1919,yap,YAP,Yapese Bible,Bible Ni Thothup,,Yapese,Yapese,0,
1063,YIMCBSI,YIMCBSI,Yimkhiung Naga CL Bible (BSI),AMÜSÜH HÜM CL Bible (BSI),,Yimchungru Naga,Yimchungru Naga,,
324,MAYABI,MAYABI,Maya Bible,Biblia Maya,,Yucateco,Màaya,0,
976,znot,znot,Zaiwa Bible,CHYOIYÚNG CHYÚMLAIKÁ,,Zaiwa (Atsi),Zaiwa,,
2922,ZB1978,ZB1978,Zande Bible,Ziazia kekeapai,,Zande,PaZande,0,1
1071,ZEMEBSI,ZEMEBSI,Zeme Naga CL Bible (BSI),KEMCI BIBLE (BSI),,Zeme Naga,Zeme Naga,,
208,ZIV,ZIV,Zokam International Version,Zokam International Version,zo,Zou,Zo,,
1065,ZOUBSI,ZOUBSI,Zou CL Bible (BSI),LAISIENGTHOU CL Bible (BSI),zo,Zou,Zo,,
2486,ZBOTF01,ZBOTF01,Zo Bible,Zo Bible,zo,Zou,Zo,,
286,ZUL59,ZUL59,isiZulu 1959/1997,IBHAYIBHELI ELINGCWELE,zu,Zulu,isiZulu,2,1
3500,ZUL20,ZUL20,IsiZulu 2020,IsiZulu 2020,zu,Zulu,isiZulu,2,1
3846,CZB24,CZB24,Contemporary Zulu Bible 2024,Contemporary Zulu Bible 2024,zu,Zulu,isiZulu,2,1
3568,ILN,ILN,illumiNations,illumiNations,,illumiNations,illumiNations,,
